game_id,game_date,inning,half,event,batter,pitcher,description,score_home,score_away,outs,is_scoring
775331,2024-10-10,1,top,Double,Gleyber Torres,Michael Wacha,Gleyber Torres doubles (1) on a sharp line drive to center fielder Kyle Isbel.,0,0,0,
775331,2024-10-10,1,top,Single,Juan Soto,Michael Wacha,Juan Soto singles on a sharp ground ball to right fielder Tommy Pham. Gleyber Torres scores.,0,1,0,
775331,2024-10-10,1,top,Grounded Into DP,Aaron Judge,Michael Wacha,"Aaron Judge grounds into a double play, shortstop Bobby Witt Jr. to second baseman Michael Massey to first baseman Yuli Gurriel. Juan Soto out at 2nd. Aaron Judge out at 1st.",0,1,2,
775331,2024-10-10,1,top,Lineout,Austin Wells,Michael Wacha,Austin Wells lines out to left fielder MJ Melendez.,0,1,3,
775331,2024-10-10,1,bottom,Strikeout,Michael Massey,Gerrit Cole,Michael Massey strikes out swinging.,0,1,1,
775331,2024-10-10,1,bottom,Flyout,Bobby Witt Jr.,Gerrit Cole,Bobby Witt Jr. flies out to right fielder Juan Soto.,0,1,2,
775331,2024-10-10,1,bottom,Strikeout,Vinnie Pasquantino,Gerrit Cole,Vinnie Pasquantino called out on strikes.,0,1,3,
775331,2024-10-10,2,top,Double,Giancarlo Stanton,Michael Wacha,Giancarlo Stanton doubles (2) on a sharp ground ball to right fielder Tommy Pham.,0,1,0,
775331,2024-10-10,2,top,Strikeout,Jazz Chisholm Jr.,Michael Wacha,Jazz Chisholm Jr. strikes out swinging.,0,1,1,
775331,2024-10-10,2,top,Lineout,Anthony Volpe,Michael Wacha,Anthony Volpe lines out sharply to right fielder Tommy Pham.,0,1,2,
775331,2024-10-10,2,top,Groundout,Alex Verdugo,Michael Wacha,Alex Verdugo grounds out softly to first baseman Yuli Gurriel.,0,1,3,
775331,2024-10-10,2,bottom,Lineout,Salvador Perez,Gerrit Cole,Salvador Perez lines out to center fielder Aaron Judge.,0,1,1,
775331,2024-10-10,2,bottom,Flyout,Yuli Gurriel,Gerrit Cole,Yuli Gurriel flies out to center fielder Aaron Judge.,0,1,2,
775331,2024-10-10,2,bottom,Groundout,MJ Melendez,Gerrit Cole,"MJ Melendez grounds out sharply, shortstop Anthony Volpe to first baseman Jon Berti.",0,1,3,
775331,2024-10-10,3,top,Lineout,Jon Berti,Michael Wacha,Jon Berti lines out to center fielder Kyle Isbel.,0,1,1,
775331,2024-10-10,3,top,Pop Out,Gleyber Torres,Michael Wacha,Gleyber Torres pops out to first baseman Yuli Gurriel in foul territory.,0,1,2,
775331,2024-10-10,3,top,Strikeout,Juan Soto,Michael Wacha,Juan Soto strikes out swinging.,0,1,3,
775331,2024-10-10,3,bottom,Single,Tommy Pham,Gerrit Cole,Tommy Pham singles on a sharp line drive to center fielder Aaron Judge.,0,1,0,
775331,2024-10-10,3,bottom,Forceout,Kyle Isbel,Gerrit Cole,"Kyle Isbel grounds into a force out, pitcher Gerrit Cole to shortstop Anthony Volpe. Tommy Pham out at 2nd. Kyle Isbel to 1st.",0,1,1,
775331,2024-10-10,3,bottom,Groundout,Maikel Garcia,Gerrit Cole,"Maikel Garcia grounds out, third baseman Jazz Chisholm Jr. to first baseman Jon Berti. Kyle Isbel to 2nd.",0,1,2,
775331,2024-10-10,3,bottom,Strikeout,Michael Massey,Gerrit Cole,Michael Massey strikes out swinging.,0,1,3,
775331,2024-10-10,4,top,Walk,Aaron Judge,Michael Wacha,Aaron Judge walks.,0,1,0,
775331,2024-10-10,4,top,Grounded Into DP,Austin Wells,Michael Wacha,"Austin Wells grounds into a double play, second baseman Michael Massey to shortstop Bobby Witt Jr. to first baseman Yuli Gurriel. Aaron Judge out at 2nd. Austin Wells out at 1st.",0,1,2,
775331,2024-10-10,4,top,Pop Out,Giancarlo Stanton,Michael Wacha,Giancarlo Stanton pops out to shortstop Bobby Witt Jr.,0,1,3,
775331,2024-10-10,4,bottom,Lineout,Bobby Witt Jr.,Gerrit Cole,Bobby Witt Jr. lines out sharply to left fielder Alex Verdugo.,0,1,1,
775331,2024-10-10,4,bottom,Groundout,Vinnie Pasquantino,Gerrit Cole,"Vinnie Pasquantino grounds out sharply, second baseman Gleyber Torres to first baseman Jon Berti.",0,1,2,
775331,2024-10-10,4,bottom,Pop Out,Salvador Perez,Gerrit Cole,Salvador Perez pops out to shortstop Anthony Volpe.,0,1,3,
775331,2024-10-10,5,top,Groundout,Jazz Chisholm Jr.,Michael Wacha,"Jazz Chisholm Jr. grounds out, second baseman Michael Massey to first baseman Yuli Gurriel.",0,1,1,
775331,2024-10-10,5,top,Single,Anthony Volpe,Michael Wacha,Anthony Volpe singles on a sharp ground ball to left fielder MJ Melendez.,0,1,1,
775331,2024-10-10,5,top,Forceout,Alex Verdugo,Michael Wacha,"Alex Verdugo grounds into a force out, second baseman Michael Massey to shortstop Bobby Witt Jr. Anthony Volpe out at 2nd. Alex Verdugo to 1st.",0,1,2,
775331,2024-10-10,5,top,Single,Jon Berti,Michael Wacha,Jon Berti singles on a line drive to right fielder Tommy Pham. Alex Verdugo to 3rd.,0,1,2,
775331,2024-10-10,5,top,Single,Gleyber Torres,Michael Wacha,Gleyber Torres singles on a sharp line drive to right fielder Tommy Pham. Alex Verdugo scores. Jon Berti to 3rd.,0,2,2,
775331,2024-10-10,5,top,Flyout,Juan Soto,Lucas Erceg,Juan Soto flies out to center fielder Kyle Isbel.,0,2,3,
775331,2024-10-10,5,bottom,Pop Out,Yuli Gurriel,Gerrit Cole,Yuli Gurriel pops out to second baseman Gleyber Torres.,0,2,1,
775331,2024-10-10,5,bottom,Flyout,MJ Melendez,Gerrit Cole,MJ Melendez flies out sharply to right fielder Juan Soto.,0,2,2,
775331,2024-10-10,5,bottom,Single,Tommy Pham,Gerrit Cole,Tommy Pham singles on a line drive to left fielder Alex Verdugo.,0,2,2,
775331,2024-10-10,5,bottom,Strikeout,Kyle Isbel,Gerrit Cole,Kyle Isbel strikes out swinging.,0,2,3,
775331,2024-10-10,6,top,Double,Aaron Judge,Lucas Erceg,Aaron Judge doubles (1) on a sharp line drive to left fielder MJ Melendez.,0,2,0,
775331,2024-10-10,6,top,Groundout,Austin Wells,Lucas Erceg,"Austin Wells grounds out, second baseman Michael Massey to first baseman Yuli Gurriel. Aaron Judge to 3rd.",0,2,1,
775331,2024-10-10,6,top,Single,Giancarlo Stanton,Lucas Erceg,Giancarlo Stanton singles on a sharp ground ball to center fielder Kyle Isbel. Aaron Judge scores.,0,3,1,
775331,2024-10-10,6,top,Walk,Jazz Chisholm Jr.,Lucas Erceg,Jazz Chisholm Jr. walks. Giancarlo Stanton to 2nd.,0,3,1,
775331,2024-10-10,6,top,Double Play,Anthony Volpe,Lucas Erceg,"Anthony Volpe lines into an unassisted double play, first baseman Yuli Gurriel. Jazz Chisholm Jr. out at 1st.",0,3,3,
775331,2024-10-10,6,bottom,Single,Maikel Garcia,Gerrit Cole,Maikel Garcia singles on a line drive to right fielder Juan Soto.,0,3,0,
775331,2024-10-10,6,bottom,Grounded Into DP,Michael Massey,Gerrit Cole,"Michael Massey grounds into a double play, first baseman Jon Berti to shortstop Anthony Volpe. Maikel Garcia out at 2nd. Michael Massey out at 1st.",0,3,2,
775331,2024-10-10,6,bottom,Single,Bobby Witt Jr.,Gerrit Cole,Bobby Witt Jr. singles on a line drive to right fielder Juan Soto.,0,3,2,
775331,2024-10-10,6,bottom,Double,Vinnie Pasquantino,Gerrit Cole,Vinnie Pasquantino doubles (1) on a sharp line drive to left fielder Alex Verdugo. Bobby Witt Jr. scores.,1,3,2,
775331,2024-10-10,6,bottom,Pop Out,Salvador Perez,Gerrit Cole,Salvador Perez pops out to second baseman Gleyber Torres.,1,3,3,
775331,2024-10-10,7,top,Groundout,Alex Verdugo,Angel Zerpa,"Alex Verdugo grounds out, pitcher Angel Zerpa to first baseman Yuli Gurriel.",1,3,1,
775331,2024-10-10,7,top,Lineout,Jon Berti,Angel Zerpa,Jon Berti lines out to center fielder Kyle Isbel.,1,3,2,
775331,2024-10-10,7,top,Strikeout,Gleyber Torres,Angel Zerpa,Gleyber Torres called out on strikes.,1,3,3,
775331,2024-10-10,7,bottom,Groundout,Yuli Gurriel,Gerrit Cole,"Yuli Gurriel grounds out, shortstop Anthony Volpe to first baseman Jon Berti.",1,3,1,
775331,2024-10-10,7,bottom,Lineout,MJ Melendez,Gerrit Cole,MJ Melendez lines out to left fielder Alex Verdugo.,1,3,2,
775331,2024-10-10,7,bottom,Single,Tommy Pham,Gerrit Cole,Tommy Pham singles on a sharp ground ball to left fielder Alex Verdugo.,1,3,2,
775331,2024-10-10,7,bottom,Flyout,Kyle Isbel,Gerrit Cole,Kyle Isbel flies out to right fielder Juan Soto.,1,3,3,
775331,2024-10-10,8,top,Groundout,Juan Soto,Angel Zerpa,"Juan Soto grounds out sharply, second baseman Michael Massey to first baseman Yuli Gurriel.",1,3,1,
775331,2024-10-10,8,top,Walk,Aaron Judge,John Schreiber,Aaron Judge walks.,1,3,1,
775331,2024-10-10,8,top,Strikeout,Austin Wells,John Schreiber,Austin Wells strikes out swinging.,1,3,2,
775331,2024-10-10,8,top,Intent Walk,Giancarlo Stanton,John Schreiber,John Schreiber intentionally walks Giancarlo Stanton.,1,3,2,
775331,2024-10-10,8,top,Groundout,Jazz Chisholm Jr.,Sam Long,"Jazz Chisholm Jr. grounds out, second baseman Michael Massey to first baseman Yuli Gurriel.",1,3,3,
775331,2024-10-10,8,bottom,Strikeout,Maikel Garcia,Clay Holmes,Maikel Garcia called out on strikes.,1,3,1,
775331,2024-10-10,8,bottom,Lineout,Michael Massey,Clay Holmes,Michael Massey lines out to left fielder Alex Verdugo.,1,3,2,
775331,2024-10-10,8,bottom,Groundout,Bobby Witt Jr.,Clay Holmes,"Bobby Witt Jr. grounds out sharply, shortstop Anthony Volpe to first baseman Jon Berti.",1,3,3,
775331,2024-10-10,9,top,Lineout,Anthony Volpe,Sam Long,Anthony Volpe lines out to third baseman Maikel Garcia.,1,3,1,
775331,2024-10-10,9,top,Lineout,Alex Verdugo,Sam Long,Alex Verdugo lines out softly to shortstop Bobby Witt Jr.,1,3,2,
775331,2024-10-10,9,top,Walk,Jon Berti,Sam Long,Jon Berti walks.,1,3,2,
775331,2024-10-10,9,top,Flyout,Gleyber Torres,Sam Long,Gleyber Torres flies out to right fielder Tommy Pham.,1,3,3,
775331,2024-10-10,9,bottom,Strikeout,Vinnie Pasquantino,Luke Weaver,Vinnie Pasquantino strikes out swinging.,1,3,1,
775331,2024-10-10,9,bottom,Strikeout,Salvador Perez,Luke Weaver,Salvador Perez strikes out swinging.,1,3,2,
775331,2024-10-10,9,bottom,Lineout,Yuli Gurriel,Luke Weaver,Yuli Gurriel lines out to center fielder Aaron Judge.,1,3,3,
775332,2024-10-07,1,top,Strikeout,Maikel Garcia,Carlos Rodón,Maikel Garcia called out on strikes.,0,0,1,
775332,2024-10-07,1,top,Strikeout,Bobby Witt Jr.,Carlos Rodón,Bobby Witt Jr. strikes out swinging.,0,0,2,
775332,2024-10-07,1,top,Strikeout,Vinnie Pasquantino,Carlos Rodón,Vinnie Pasquantino strikes out swinging.,0,0,3,
775332,2024-10-07,1,bottom,Walk,Gleyber Torres,Cole Ragans,Gleyber Torres walks.,0,0,0,
775332,2024-10-07,1,bottom,Walk,Juan Soto,Cole Ragans,Juan Soto walks. Gleyber Torres to 2nd.,0,0,0,
775332,2024-10-07,1,bottom,Strikeout,Aaron Judge,Cole Ragans,Aaron Judge strikes out swinging.,0,0,1,
775332,2024-10-07,1,bottom,Strikeout,Austin Wells,Cole Ragans,Austin Wells called out on strikes.,0,0,2,
775332,2024-10-07,1,bottom,Groundout,Giancarlo Stanton,Cole Ragans,"Giancarlo Stanton grounds out, second baseman Michael Massey to first baseman Yuli Gurriel.",0,0,3,
775332,2024-10-07,2,top,Pop Out,Salvador Perez,Carlos Rodón,Salvador Perez pops out to third baseman Jazz Chisholm Jr.,0,0,1,
775332,2024-10-07,2,top,Groundout,Yuli Gurriel,Carlos Rodón,Yuli Gurriel grounds out to first baseman Jon Berti.,0,0,2,
775332,2024-10-07,2,top,Single,Michael Massey,Carlos Rodón,Michael Massey singles on a line drive to right fielder Juan Soto.,0,0,2,
775332,2024-10-07,2,top,Strikeout,Tommy Pham,Carlos Rodón,Tommy Pham strikes out swinging.,0,0,3,
775332,2024-10-07,2,bottom,Strikeout,Jazz Chisholm Jr.,Cole Ragans,Jazz Chisholm Jr. strikes out swinging.,0,0,1,
775332,2024-10-07,2,bottom,Single,Anthony Volpe,Cole Ragans,Anthony Volpe singles on a ground ball to left fielder Tommy Pham.,0,0,1,
775332,2024-10-07,2,bottom,Flyout,Alex Verdugo,Cole Ragans,Alex Verdugo flies out to center fielder Garrett Hampson.,0,0,2,
775332,2024-10-07,2,bottom,Strikeout,Jon Berti,Cole Ragans,Jon Berti strikes out swinging.,0,0,3,
775332,2024-10-07,3,top,Strikeout,Hunter Renfroe,Carlos Rodón,Hunter Renfroe strikes out swinging.,0,0,1,
775332,2024-10-07,3,top,Single,Garrett Hampson,Carlos Rodón,Garrett Hampson singles on a sharp line drive to center fielder Aaron Judge.,0,0,1,
775332,2024-10-07,3,top,Single,Maikel Garcia,Carlos Rodón,Maikel Garcia singles on a line drive to pitcher Carlos Rodón. Garrett Hampson to 2nd.,0,0,1,
775332,2024-10-07,3,top,Forceout,Bobby Witt Jr.,Carlos Rodón,"Bobby Witt Jr. grounds into a force out, fielded by third baseman Jazz Chisholm Jr. Garrett Hampson out at 3rd. Maikel Garcia to 2nd. Bobby Witt Jr. to 1st.",0,0,2,
775332,2024-10-07,3,top,Lineout,Vinnie Pasquantino,Carlos Rodón,Vinnie Pasquantino lines out to right fielder Juan Soto.,0,0,3,
775332,2024-10-07,3,bottom,Walk,Gleyber Torres,Cole Ragans,Gleyber Torres walks.,0,0,0,
775332,2024-10-07,3,bottom,Strikeout,Juan Soto,Cole Ragans,Juan Soto strikes out swinging.,0,0,1,
775332,2024-10-07,3,bottom,Flyout,Aaron Judge,Cole Ragans,Aaron Judge flies out to right fielder Hunter Renfroe.,0,0,2,
775332,2024-10-07,3,bottom,Single,Austin Wells,Cole Ragans,Austin Wells singles on a ground ball to left fielder Tommy Pham. Gleyber Torres to 2nd.,0,0,2,
775332,2024-10-07,3,bottom,Single,Giancarlo Stanton,Cole Ragans,Giancarlo Stanton singles on a ground ball to shortstop Bobby Witt Jr. Gleyber Torres scores. Austin Wells to 2nd.,1,0,2,
775332,2024-10-07,3,bottom,Groundout,Jazz Chisholm Jr.,Cole Ragans,"Jazz Chisholm Jr. grounds out softly, third baseman Maikel Garcia to first baseman Yuli Gurriel.",1,0,3,
775332,2024-10-07,4,top,Home Run,Salvador Perez,Carlos Rodón,Salvador Perez homers (1) on a fly ball to left field.,1,1,0,
775332,2024-10-07,4,top,Single,Yuli Gurriel,Carlos Rodón,Yuli Gurriel singles on a line drive to left fielder Alex Verdugo.,1,1,0,
775332,2024-10-07,4,top,Strikeout,Michael Massey,Carlos Rodón,Michael Massey strikes out swinging.,1,1,1,
775332,2024-10-07,4,top,Single,Tommy Pham,Carlos Rodón,Tommy Pham singles on a sharp line drive to center fielder Aaron Judge. Yuli Gurriel scores.,1,2,1,
775332,2024-10-07,4,top,Strikeout,Hunter Renfroe,Carlos Rodón,Hunter Renfroe strikes out swinging.,1,2,2,
775332,2024-10-07,4,top,Single,Garrett Hampson,Carlos Rodón,Garrett Hampson singles on a ground ball to left fielder Alex Verdugo. Tommy Pham scores. Garrett Hampson to 2nd.,1,3,2,
775332,2024-10-07,4,top,Single,Maikel Garcia,Ian Hamilton,"Maikel Garcia singles on a line drive to right fielder Juan Soto. Garrett Hampson scores. Maikel Garcia out at 2nd on the throw, right fielder Juan Soto to first baseman Jon Berti to second baseman Gleyber Torres to shortstop Anthony Volpe.",1,4,3,
775332,2024-10-07,4,bottom,Walk,Anthony Volpe,Cole Ragans,Anthony Volpe walks.,1,4,0,
775332,2024-10-07,4,bottom,Forceout,Alex Verdugo,Cole Ragans,"Alex Verdugo grounds into a force out, second baseman Michael Massey to shortstop Bobby Witt Jr. Anthony Volpe out at 2nd. Alex Verdugo to 1st.",1,4,1,
775332,2024-10-07,4,bottom,Lineout,Jon Berti,Cole Ragans,Jon Berti lines out sharply to left fielder Tommy Pham.,1,4,2,
775332,2024-10-07,4,bottom,Lineout,Gleyber Torres,Cole Ragans,Gleyber Torres lines out to third baseman Maikel Garcia.,1,4,3,
775332,2024-10-07,5,top,Strikeout,Bobby Witt Jr.,Ian Hamilton,Bobby Witt Jr. strikes out swinging.,1,4,1,
775332,2024-10-07,5,top,Strikeout,Vinnie Pasquantino,Ian Hamilton,Vinnie Pasquantino strikes out swinging.,1,4,2,
775332,2024-10-07,5,top,Strikeout,Salvador Perez,Ian Hamilton,Salvador Perez called out on strikes.,1,4,3,
775332,2024-10-07,5,bottom,Strikeout,Juan Soto,Angel Zerpa,Juan Soto called out on strikes.,1,4,1,
775332,2024-10-07,5,bottom,Walk,Aaron Judge,Angel Zerpa,Aaron Judge walks.,1,4,1,
775332,2024-10-07,5,bottom,Grounded Into DP,Austin Wells,Angel Zerpa,"Austin Wells grounds into a double play, shortstop Bobby Witt Jr. to first baseman Yuli Gurriel. Aaron Judge out at 2nd. Austin Wells out at 1st.",1,4,3,
775332,2024-10-07,6,top,Field Error,Yuli Gurriel,Jake Cousins,Yuli Gurriel reaches on a throwing error by third baseman Jazz Chisholm Jr.,1,4,0,
775332,2024-10-07,6,top,Walk,Michael Massey,Jake Cousins,Michael Massey walks. Yuli Gurriel to 2nd.,1,4,0,
775332,2024-10-07,6,top,Flyout,Tommy Pham,Jake Cousins,Tommy Pham flies out to right fielder Juan Soto. Yuli Gurriel to 3rd.,1,4,1,
775332,2024-10-07,6,top,Double Play,MJ Melendez,Tim Hill,"MJ Melendez lines into an unassisted double play, first baseman Jon Berti. Michael Massey out at 1st.",1,4,3,
775332,2024-10-07,6,bottom,Flyout,Giancarlo Stanton,John Schreiber,Giancarlo Stanton flies out to right fielder Tommy Pham.,1,4,1,
775332,2024-10-07,6,bottom,Lineout,Jazz Chisholm Jr.,John Schreiber,Jazz Chisholm Jr. lines out to center fielder Garrett Hampson.,1,4,2,
775332,2024-10-07,6,bottom,Lineout,Anthony Volpe,John Schreiber,Anthony Volpe lines out to right fielder Tommy Pham.,1,4,3,
775332,2024-10-07,7,top,Single,Kyle Isbel,Clay Holmes,Kyle Isbel singles on a ground ball to center fielder Aaron Judge.,1,4,0,
775332,2024-10-07,7,top,Single,Maikel Garcia,Clay Holmes,Maikel Garcia singles on a ground ball to shortstop Anthony Volpe.,1,4,1,
775332,2024-10-07,7,top,Strikeout,Bobby Witt Jr.,Clay Holmes,Bobby Witt Jr. strikes out swinging.,1,4,2,
775332,2024-10-07,7,top,Strikeout,Vinnie Pasquantino,Clay Holmes,Vinnie Pasquantino strikes out swinging.,1,4,3,
775332,2024-10-07,7,bottom,Single,Alex Verdugo,Kris Bubic,Alex Verdugo singles on a line drive to center fielder Kyle Isbel.,1,4,0,
775332,2024-10-07,7,bottom,Lineout,Jon Berti,Kris Bubic,Jon Berti lines out sharply to right fielder Tommy Pham.,1,4,1,
775332,2024-10-07,7,bottom,Strikeout,Gleyber Torres,Kris Bubic,Gleyber Torres called out on strikes.,1,4,2,
775332,2024-10-07,7,bottom,Flyout,Juan Soto,Kris Bubic,Juan Soto flies out sharply to left fielder MJ Melendez.,1,4,3,
775332,2024-10-07,8,top,Strikeout,Salvador Perez,Tommy Kahnle,Salvador Perez strikes out swinging.,1,4,1,
775332,2024-10-07,8,top,Flyout,Yuli Gurriel,Tommy Kahnle,Yuli Gurriel flies out to right fielder Juan Soto.,1,4,2,
775332,2024-10-07,8,top,Walk,Michael Massey,Tommy Kahnle,Michael Massey walks.,1,4,2,
775332,2024-10-07,8,top,Strikeout,Tommy Pham,Tommy Kahnle,Tommy Pham called out on strikes.,1,4,3,
775332,2024-10-07,8,bottom,Single,Aaron Judge,Kris Bubic,Aaron Judge singles on a ground ball to third baseman Maikel Garcia.,1,4,0,
775332,2024-10-07,8,bottom,Strikeout,Austin Wells,Kris Bubic,Austin Wells called out on strikes.,1,4,1,
775332,2024-10-07,8,bottom,Grounded Into DP,Giancarlo Stanton,Kris Bubic,"Giancarlo Stanton grounds into a double play, shortstop Bobby Witt Jr. to second baseman Michael Massey to first baseman Yuli Gurriel. Aaron Judge out at 2nd. Giancarlo Stanton out at 1st.",1,4,3,
775332,2024-10-07,9,top,Groundout,MJ Melendez,Tim Mayza,MJ Melendez grounds out to first baseman Jon Berti.,1,4,1,
775332,2024-10-07,9,top,Strikeout,Kyle Isbel,Tim Mayza,Kyle Isbel called out on strikes.,1,4,2,
775332,2024-10-07,9,top,Single,Maikel Garcia,Tim Mayza,Maikel Garcia singles on a sharp line drive to center fielder Aaron Judge.,1,4,2,
775332,2024-10-07,9,top,Pop Out,Bobby Witt Jr.,Luke Weaver,Bobby Witt Jr. pops out to first baseman Jon Berti in foul territory.,1,4,3,
775332,2024-10-07,9,bottom,Home Run,Jazz Chisholm Jr.,Lucas Erceg,Jazz Chisholm Jr. homers (1) on a fly ball to right field.,2,4,0,
775332,2024-10-07,9,bottom,Groundout,Anthony Volpe,Lucas Erceg,"Anthony Volpe grounds out, shortstop Bobby Witt Jr. to first baseman Yuli Gurriel.",2,4,1,
775332,2024-10-07,9,bottom,Groundout,Alex Verdugo,Lucas Erceg,"Alex Verdugo grounds out, third baseman Maikel Garcia to first baseman Yuli Gurriel.",2,4,2,
775332,2024-10-07,9,bottom,Single,Jon Berti,Lucas Erceg,Jon Berti singles on a line drive to right fielder Tommy Pham.,2,4,2,
775332,2024-10-07,9,bottom,Groundout,Gleyber Torres,Lucas Erceg,"Gleyber Torres grounds out, shortstop Bobby Witt Jr. to first baseman Yuli Gurriel.",2,4,3,
775333,2024-10-01,1,top,Single,Michael Harris II,Michael King,Michael Harris II singles on a line drive to right fielder Fernando Tatis Jr.,0,0,0,
775333,2024-10-01,1,top,Strikeout,Ozzie Albies,Michael King,Ozzie Albies strikes out swinging.,0,0,1,
775333,2024-10-01,1,top,Strikeout,Marcell Ozuna,Michael King,Marcell Ozuna called out on strikes.,0,0,2,
775333,2024-10-01,1,top,Single,Matt Olson,Michael King,Matt Olson singles on a fly ball to right fielder Fernando Tatis Jr. Michael Harris II to 3rd.,0,0,2,
775333,2024-10-01,1,top,Strikeout,Jorge Soler,Michael King,Jorge Soler strikes out swinging.,0,0,3,
775333,2024-10-01,1,bottom,Single,Luis Arraez,AJ Smith-Shawver,Luis Arraez singles on a line drive to left fielder Ramón Laureano.,0,0,0,
775333,2024-10-01,1,bottom,Home Run,Fernando Tatis Jr.,AJ Smith-Shawver,Fernando Tatis Jr. homers (1) on a fly ball to left center field. Luis Arraez scores.,2,0,0,
775333,2024-10-01,1,bottom,Strikeout,Jurickson Profar,AJ Smith-Shawver,Jurickson Profar strikes out swinging.,2,0,1,
775333,2024-10-01,1,bottom,Groundout,Manny Machado,AJ Smith-Shawver,"Manny Machado grounds out, shortstop Orlando Arcia to first baseman Matt Olson.",2,0,2,
775333,2024-10-01,1,bottom,Single,Jackson Merrill,AJ Smith-Shawver,Jackson Merrill singles on a sharp ground ball to left fielder Ramón Laureano.,2,0,2,
775333,2024-10-01,1,bottom,Groundout,Xander Bogaerts,AJ Smith-Shawver,"Xander Bogaerts grounds out, second baseman Ozzie Albies to first baseman Matt Olson.",2,0,3,
775333,2024-10-01,2,top,Flyout,Ramón Laureano,Michael King,Ramón Laureano flies out to right fielder Fernando Tatis Jr.,2,0,1,
775333,2024-10-01,2,top,Groundout,Travis d'Arnaud,Michael King,"Travis d'Arnaud grounds out, third baseman Manny Machado to first baseman Donovan Solano.",2,0,2,
775333,2024-10-01,2,top,Flyout,Gio Urshela,Michael King,Gio Urshela flies out to center fielder Jackson Merrill.,2,0,3,
775333,2024-10-01,2,bottom,Hit By Pitch,Jake Cronenworth,AJ Smith-Shawver,Jake Cronenworth hit by pitch.,2,0,0,
775333,2024-10-01,2,bottom,Single,Donovan Solano,AJ Smith-Shawver,Donovan Solano singles on a line drive to right fielder Jorge Soler. Jake Cronenworth to 3rd.,2,0,0,
775333,2024-10-01,2,bottom,Sac Fly,Kyle Higashioka,AJ Smith-Shawver,Kyle Higashioka out on a sacrifice fly to center fielder Michael Harris II. Jake Cronenworth scores.,3,0,1,
775333,2024-10-01,2,bottom,Grounded Into DP,Luis Arraez,Aaron Bummer,"Luis Arraez grounds into a double play, second baseman Ozzie Albies to first baseman Matt Olson. Donovan Solano out at 2nd. Luis Arraez out at 1st.",3,0,3,
775333,2024-10-01,3,top,Groundout,Orlando Arcia,Michael King,"Orlando Arcia grounds out, second baseman Jake Cronenworth to first baseman Donovan Solano.",3,0,1,
775333,2024-10-01,3,top,Single,Michael Harris II,Michael King,Michael Harris II singles on a sharp ground ball to right fielder Fernando Tatis Jr.,3,0,1,
775333,2024-10-01,3,top,Strikeout,Ozzie Albies,Michael King,Ozzie Albies strikes out swinging.,3,0,2,
775333,2024-10-01,3,top,Single,Marcell Ozuna,Michael King,Marcell Ozuna singles on a line drive to left fielder Jurickson Profar. Michael Harris II to 2nd.,3,0,2,
775333,2024-10-01,3,top,Strikeout,Matt Olson,Michael King,Matt Olson strikes out swinging.,3,0,3,
775333,2024-10-01,3,bottom,Walk,Fernando Tatis Jr.,Aaron Bummer,Fernando Tatis Jr. walks.,3,0,0,
775333,2024-10-01,3,bottom,Flyout,Jurickson Profar,Aaron Bummer,Jurickson Profar flies out to right fielder Jorge Soler.,3,0,1,
775333,2024-10-01,3,bottom,Grounded Into DP,Manny Machado,Aaron Bummer,"Manny Machado grounds into a double play, third baseman Gio Urshela to second baseman Ozzie Albies to first baseman Matt Olson. Fernando Tatis Jr. out at 2nd. Manny Machado out at 1st.",3,0,3,
775333,2024-10-01,4,top,Flyout,Jorge Soler,Michael King,Jorge Soler flies out to center fielder Jackson Merrill.,3,0,1,
775333,2024-10-01,4,top,Strikeout,Ramón Laureano,Michael King,Ramón Laureano strikes out swinging.,3,0,2,
775333,2024-10-01,4,top,Double,Travis d'Arnaud,Michael King,Travis d'Arnaud doubles (1) on a sharp line drive to left fielder Jurickson Profar.,3,0,2,
775333,2024-10-01,4,top,Strikeout,Gio Urshela,Michael King,Gio Urshela strikes out swinging.,3,0,3,
775333,2024-10-01,4,bottom,Groundout,Jackson Merrill,Aaron Bummer,"Jackson Merrill grounds out, first baseman Matt Olson to pitcher Aaron Bummer.",3,0,1,
775333,2024-10-01,4,bottom,Groundout,Xander Bogaerts,Aaron Bummer,"Xander Bogaerts grounds out, shortstop Orlando Arcia to first baseman Matt Olson.",3,0,2,
775333,2024-10-01,4,bottom,Strikeout,Jake Cronenworth,Aaron Bummer,Jake Cronenworth strikes out swinging.,3,0,3,
775333,2024-10-01,5,top,Flyout,Orlando Arcia,Michael King,Orlando Arcia flies out to shortstop Xander Bogaerts.,3,0,1,
775333,2024-10-01,5,top,Groundout,Michael Harris II,Michael King,"Michael Harris II grounds out, first baseman Donovan Solano to pitcher Michael King.",3,0,2,
775333,2024-10-01,5,top,Strikeout,Ozzie Albies,Michael King,Ozzie Albies strikes out swinging.,3,0,3,
775333,2024-10-01,5,bottom,Flyout,Donovan Solano,Jesse Chavez,Donovan Solano flies out to right fielder Jorge Soler.,3,0,1,
775333,2024-10-01,5,bottom,Lineout,Kyle Higashioka,Jesse Chavez,Kyle Higashioka lines out to left fielder Ramón Laureano.,3,0,2,
775333,2024-10-01,5,bottom,Flyout,Luis Arraez,Jesse Chavez,Luis Arraez flies out to right fielder Jorge Soler.,3,0,3,
775333,2024-10-01,6,top,Strikeout,Marcell Ozuna,Michael King,Marcell Ozuna called out on strikes.,3,0,1,
775333,2024-10-01,6,top,Flyout,Matt Olson,Michael King,Matt Olson flies out to right fielder Fernando Tatis Jr.,3,0,2,
775333,2024-10-01,6,top,Strikeout,Jorge Soler,Michael King,Jorge Soler strikes out swinging.,3,0,3,
775333,2024-10-01,6,bottom,Flyout,Fernando Tatis Jr.,Jesse Chavez,Fernando Tatis Jr. flies out to center fielder Michael Harris II.,3,0,1,
775333,2024-10-01,6,bottom,Flyout,Jurickson Profar,Jesse Chavez,Jurickson Profar flies out to center fielder Michael Harris II.,3,0,2,
775333,2024-10-01,6,bottom,Strikeout,Manny Machado,Jesse Chavez,Manny Machado strikes out swinging.,3,0,3,
775333,2024-10-01,7,top,Strikeout,Ramón Laureano,Michael King,Ramón Laureano called out on strikes.,3,0,1,
775333,2024-10-01,7,top,Strikeout,Travis d'Arnaud,Michael King,Travis d'Arnaud strikes out swinging.,3,0,2,
775333,2024-10-01,7,top,Flyout,Gio Urshela,Michael King,Gio Urshela flies out to center fielder Jackson Merrill.,3,0,3,
775333,2024-10-01,7,bottom,Strikeout,Jackson Merrill,Luke Jackson,Jackson Merrill strikes out swinging.,3,0,1,
775333,2024-10-01,7,bottom,Groundout,Xander Bogaerts,Luke Jackson,"Xander Bogaerts grounds out, third baseman Gio Urshela to first baseman Matt Olson.",3,0,2,
775333,2024-10-01,7,bottom,Flyout,Jake Cronenworth,Luke Jackson,Jake Cronenworth flies out to center fielder Michael Harris II.,3,0,3,
775333,2024-10-01,8,top,Strikeout,Orlando Arcia,Jason Adam,Orlando Arcia strikes out swinging.,3,0,1,
775333,2024-10-01,8,top,Strikeout,Michael Harris II,Jason Adam,Michael Harris II strikes out swinging.,3,0,2,
775333,2024-10-01,8,top,Single,Ozzie Albies,Jason Adam,Ozzie Albies singles on a line drive to right fielder Fernando Tatis Jr.,3,0,2,
775333,2024-10-01,8,top,Strikeout,Marcell Ozuna,Jason Adam,Marcell Ozuna strikes out swinging.,3,0,3,
775333,2024-10-01,8,bottom,Strikeout,Donovan Solano,Luke Jackson,"Donovan Solano strikes out swinging, catcher Travis d'Arnaud to first baseman Matt Olson.",3,0,1,
775333,2024-10-01,8,bottom,Home Run,Kyle Higashioka,Luke Jackson,Kyle Higashioka homers (1) on a fly ball to left center field.,4,0,1,
775333,2024-10-01,8,bottom,Lineout,Luis Arraez,Luke Jackson,Luis Arraez lines out sharply to shortstop Orlando Arcia.,4,0,2,
775333,2024-10-01,8,bottom,Groundout,Fernando Tatis Jr.,Luke Jackson,"Fernando Tatis Jr. grounds out sharply, third baseman Gio Urshela to first baseman Matt Olson.",4,0,3,
775333,2024-10-01,9,top,Flyout,Matt Olson,Robert Suarez,Matt Olson flies out sharply to left fielder Jurickson Profar.,4,0,1,
775333,2024-10-01,9,top,Single,Jorge Soler,Robert Suarez,Jorge Soler singles on a line drive to right fielder Fernando Tatis Jr.,4,0,1,
775333,2024-10-01,9,top,Forceout,Ramón Laureano,Robert Suarez,"Ramón Laureano grounds into a force out, shortstop Xander Bogaerts to second baseman Jake Cronenworth. Eli White out at 2nd. Ramón Laureano to 1st.",4,0,2,
775333,2024-10-01,9,top,Groundout,Travis d'Arnaud,Robert Suarez,"Travis d'Arnaud grounds out, third baseman Manny Machado to first baseman Donovan Solano.",4,0,3,
775334,2024-10-05,1,top,Flyout,Michael Massey,Gerrit Cole,Michael Massey flies out to right fielder Juan Soto.,0,0,1,
775334,2024-10-05,1,top,Flyout,Bobby Witt Jr.,Gerrit Cole,Bobby Witt Jr. flies out sharply to center fielder Aaron Judge.,0,0,2,
775334,2024-10-05,1,top,Lineout,Vinnie Pasquantino,Gerrit Cole,Vinnie Pasquantino lines out sharply to center fielder Aaron Judge.,0,0,3,
775334,2024-10-05,1,bottom,Walk,Gleyber Torres,Michael Wacha,Gleyber Torres walks.,0,0,0,
775334,2024-10-05,1,bottom,Double,Juan Soto,Michael Wacha,Juan Soto doubles (1) on a fly ball to left fielder MJ Melendez. Gleyber Torres to 3rd.,0,0,0,
775334,2024-10-05,1,bottom,Strikeout,Aaron Judge,Michael Wacha,Aaron Judge strikes out swinging.,0,0,1,
775334,2024-10-05,1,bottom,Fielders Choice Out,Austin Wells,Michael Wacha,"Austin Wells reaches on a fielder's choice out, first baseman Yuli Gurriel to catcher Salvador Perez. Gleyber Torres out at home. Juan Soto to 3rd.",0,0,2,
775334,2024-10-05,1,bottom,Strikeout,Giancarlo Stanton,Michael Wacha,Giancarlo Stanton strikes out swinging.,0,0,3,
775334,2024-10-05,2,top,Single,Salvador Perez,Gerrit Cole,Salvador Perez singles on a sharp line drive to left fielder Alex Verdugo.,0,0,0,
775334,2024-10-05,2,top,Walk,Yuli Gurriel,Gerrit Cole,Yuli Gurriel walks. Salvador Perez to 2nd.,0,0,0,
775334,2024-10-05,2,top,Single,MJ Melendez,Gerrit Cole,"MJ Melendez singles on a sharp line drive to right fielder Juan Soto. Salvador Perez out at home on the throw, right fielder Juan Soto to catcher Austin Wells. Yuli Gurriel to 3rd.",0,0,1,
775334,2024-10-05,2,top,Sac Fly,Tommy Pham,Gerrit Cole,Tommy Pham out on a sacrifice fly to center fielder Aaron Judge. Yuli Gurriel scores.,0,1,2,
775334,2024-10-05,2,top,Strikeout,Kyle Isbel,Gerrit Cole,Kyle Isbel strikes out swinging.,0,1,3,
775334,2024-10-05,2,bottom,Flyout,Jazz Chisholm Jr.,Michael Wacha,Jazz Chisholm Jr. flies out sharply to center fielder Kyle Isbel.,0,1,1,
775334,2024-10-05,2,bottom,Flyout,Anthony Volpe,Michael Wacha,Anthony Volpe flies out sharply to right fielder Tommy Pham.,0,1,2,
775334,2024-10-05,2,bottom,Strikeout,Oswaldo Cabrera,Michael Wacha,Oswaldo Cabrera strikes out swinging.,0,1,3,
775334,2024-10-05,3,top,Groundout,Maikel Garcia,Gerrit Cole,"Maikel Garcia grounds out, shortstop Anthony Volpe to first baseman Oswaldo Cabrera.",0,1,1,
775334,2024-10-05,3,top,Single,Michael Massey,Gerrit Cole,Michael Massey singles on a ground ball to right fielder Juan Soto.,0,1,1,
775334,2024-10-05,3,top,Flyout,Bobby Witt Jr.,Gerrit Cole,Bobby Witt Jr. flies out to center fielder Aaron Judge.,0,1,2,
775334,2024-10-05,3,top,Strikeout,Vinnie Pasquantino,Gerrit Cole,Vinnie Pasquantino strikes out swinging.,0,1,3,
775334,2024-10-05,3,bottom,Single,Alex Verdugo,Michael Wacha,Alex Verdugo singles on a line drive to left fielder MJ Melendez.,0,1,0,
775334,2024-10-05,3,bottom,Home Run,Gleyber Torres,Michael Wacha,Gleyber Torres homers (1) on a fly ball to right field. Alex Verdugo scores.,2,1,0,
775334,2024-10-05,3,bottom,Groundout,Juan Soto,Michael Wacha,"Juan Soto grounds out, second baseman Michael Massey to first baseman Yuli Gurriel.",2,1,1,
775334,2024-10-05,3,bottom,Flyout,Aaron Judge,Michael Wacha,Aaron Judge flies out to center fielder Kyle Isbel.,2,1,2,
775334,2024-10-05,3,bottom,Pop Out,Austin Wells,Michael Wacha,Austin Wells pops out to shortstop Bobby Witt Jr.,2,1,3,
775334,2024-10-05,4,top,Lineout,Salvador Perez,Gerrit Cole,Salvador Perez lines out to left fielder Alex Verdugo.,2,1,1,
775334,2024-10-05,4,top,Walk,Yuli Gurriel,Gerrit Cole,Yuli Gurriel walks.,2,1,1,
775334,2024-10-05,4,top,Home Run,MJ Melendez,Gerrit Cole,MJ Melendez homers (1) on a fly ball to right center field. Yuli Gurriel scores.,2,3,1,
775334,2024-10-05,4,top,Single,Tommy Pham,Gerrit Cole,Tommy Pham singles on a sharp line drive to left fielder Alex Verdugo.,2,3,1,
775334,2024-10-05,4,top,Strikeout,Kyle Isbel,Gerrit Cole,Kyle Isbel strikes out swinging.,2,3,2,
775334,2024-10-05,4,top,Single,Maikel Garcia,Gerrit Cole,Maikel Garcia singles on a line drive to right fielder Juan Soto. Tommy Pham to 2nd.,2,3,2,
775334,2024-10-05,4,top,Flyout,Michael Massey,Gerrit Cole,Michael Massey flies out to left fielder Alex Verdugo.,2,3,3,
775334,2024-10-05,4,bottom,Walk,Giancarlo Stanton,Michael Wacha,Giancarlo Stanton walks.,2,3,0,
775334,2024-10-05,4,bottom,Pop Out,Jazz Chisholm Jr.,Michael Wacha,Jazz Chisholm Jr. pops out to shortstop Bobby Witt Jr.,2,3,1,
775334,2024-10-05,4,bottom,Lineout,Anthony Volpe,Michael Wacha,Anthony Volpe lines out to right fielder Tommy Pham.,2,3,2,
775334,2024-10-05,4,bottom,Double,Oswaldo Cabrera,Michael Wacha,Oswaldo Cabrera doubles (1) on a line drive to center fielder Kyle Isbel. Giancarlo Stanton to 3rd.,2,3,2,
775334,2024-10-05,4,bottom,Pop Out,Alex Verdugo,Michael Wacha,Alex Verdugo pops out to third baseman Maikel Garcia in foul territory.,2,3,3,
775334,2024-10-05,5,top,Flyout,Bobby Witt Jr.,Gerrit Cole,Bobby Witt Jr. flies out to right fielder Juan Soto.,2,3,1,
775334,2024-10-05,5,top,Strikeout,Vinnie Pasquantino,Gerrit Cole,Vinnie Pasquantino called out on strikes.,2,3,2,
775334,2024-10-05,5,top,Flyout,Salvador Perez,Gerrit Cole,Salvador Perez flies out to center fielder Aaron Judge.,2,3,3,
775334,2024-10-05,5,bottom,Walk,Gleyber Torres,Michael Wacha,Gleyber Torres walks.,2,3,0,
775334,2024-10-05,5,bottom,Single,Juan Soto,Angel Zerpa,Juan Soto singles on a ground ball to center fielder Kyle Isbel. Gleyber Torres to 2nd.,2,3,0,
775334,2024-10-05,5,bottom,Walk,Aaron Judge,Angel Zerpa,Aaron Judge walks. Gleyber Torres to 3rd. Juan Soto to 2nd.,2,3,0,
775334,2024-10-05,5,bottom,Walk,Austin Wells,Angel Zerpa,Austin Wells walks. Gleyber Torres scores. Juan Soto to 3rd. Aaron Judge to 2nd.,3,3,0,
775334,2024-10-05,5,bottom,Pop Out,Giancarlo Stanton,John Schreiber,Giancarlo Stanton pops out softly to catcher Salvador Perez in foul territory.,3,3,1,
775334,2024-10-05,5,bottom,Forceout,Jazz Chisholm Jr.,John Schreiber,"Jazz Chisholm Jr. grounds into a force out, first baseman Yuli Gurriel to catcher Salvador Perez. Juan Soto out at home. Aaron Judge to 3rd. Austin Wells to 2nd. Jazz Chisholm Jr. to 1st.",3,3,2,
775334,2024-10-05,5,bottom,Walk,Anthony Volpe,John Schreiber,Anthony Volpe walks. Aaron Judge scores. Austin Wells to 3rd. Jazz Chisholm Jr. to 2nd.,4,3,2,
775334,2024-10-05,5,bottom,Strikeout,Oswaldo Cabrera,John Schreiber,Oswaldo Cabrera called out on strikes.,4,3,3,
775334,2024-10-05,6,top,Single,Yuli Gurriel,Gerrit Cole,Yuli Gurriel singles on a sharp line drive to left fielder Alex Verdugo.,4,3,0,
775334,2024-10-05,6,top,Lineout,MJ Melendez,Tim Hill,MJ Melendez lines out to left fielder Alex Verdugo.,4,3,1,
775334,2024-10-05,6,top,Fielders Choice,Tommy Pham,Tim Hill,"Tommy Pham reaches on a fielder's choice, fielded by shortstop Anthony Volpe. Yuli Gurriel to 3rd. Tommy Pham to 2nd. Yuli Gurriel advances to 3rd, on a throwing error by shortstop Anthony Volpe.",4,3,1,
775334,2024-10-05,6,top,Single,Garrett Hampson,Tim Hill,Garrett Hampson singles on a ground ball to left fielder Alex Verdugo. Yuli Gurriel scores. Tommy Pham scores.,4,5,1,
775334,2024-10-05,6,top,Lineout,Maikel Garcia,Clay Holmes,Maikel Garcia lines out sharply to center fielder Aaron Judge.,4,5,2,
775334,2024-10-05,6,top,Single,Michael Massey,Clay Holmes,"Michael Massey singles on a ground ball to shortstop Anthony Volpe, deflected by pitcher Clay Holmes. Garrett Hampson to 2nd.",4,5,2,
775334,2024-10-05,6,top,Groundout,Bobby Witt Jr.,Clay Holmes,"Bobby Witt Jr. grounds out, third baseman Jazz Chisholm Jr. to first baseman Oswaldo Cabrera.",4,5,3,
775334,2024-10-05,6,bottom,Walk,Alex Verdugo,Sam Long,Alex Verdugo walks.,4,5,0,
775334,2024-10-05,6,bottom,Strikeout,Gleyber Torres,Sam Long,Gleyber Torres strikes out swinging.,4,5,1,
775334,2024-10-05,6,bottom,Single,Juan Soto,Sam Long,Juan Soto singles on a ground ball to right fielder Tommy Pham. Alex Verdugo to 2nd.,4,5,1,
775334,2024-10-05,6,bottom,Strikeout,Aaron Judge,Michael Lorenzen,Aaron Judge strikes out swinging.,4,5,2,
775334,2024-10-05,6,bottom,Single,Austin Wells,Michael Lorenzen,Austin Wells singles on a line drive to right fielder Tommy Pham. Alex Verdugo scores. Juan Soto to 3rd.,5,5,2,
775334,2024-10-05,6,bottom,Groundout,Giancarlo Stanton,Michael Lorenzen,"Giancarlo Stanton grounds out, third baseman Maikel Garcia to first baseman Yuli Gurriel.",5,5,3,
775334,2024-10-05,7,top,Flyout,Vinnie Pasquantino,Clay Holmes,Vinnie Pasquantino flies out to left fielder Alex Verdugo.,5,5,1,
775334,2024-10-05,7,top,Groundout,Salvador Perez,Clay Holmes,"Salvador Perez grounds out, third baseman Jazz Chisholm Jr. to first baseman Oswaldo Cabrera.",5,5,2,
775334,2024-10-05,7,top,Flyout,Yuli Gurriel,Clay Holmes,Yuli Gurriel flies out to second baseman Gleyber Torres.,5,5,3,
775334,2024-10-05,7,bottom,Single,Jazz Chisholm Jr.,Michael Lorenzen,Jazz Chisholm Jr. singles on a sharp line drive to right fielder Tommy Pham.,5,5,0,
775334,2024-10-05,7,bottom,Strikeout,Anthony Volpe,Michael Lorenzen,"Royals challenged (tag play), call on the field was upheld: Anthony Volpe strikes out swinging. Jazz Chisholm Jr. steals (1) 2nd base.",5,5,1,
775334,2024-10-05,7,bottom,Strikeout,Oswaldo Cabrera,Michael Lorenzen,"Oswaldo Cabrera strikes out swinging, catcher Salvador Perez to first baseman Yuli Gurriel.",5,5,2,
775334,2024-10-05,7,bottom,Single,Alex Verdugo,Michael Lorenzen,Alex Verdugo singles on a line drive to left fielder MJ Melendez. Jazz Chisholm Jr. scores. Alex Verdugo to 2nd.,6,5,2,
775334,2024-10-05,7,bottom,Groundout,Gleyber Torres,Lucas Erceg,"Gleyber Torres grounds out, third baseman Maikel Garcia to first baseman Yuli Gurriel.",6,5,3,
775334,2024-10-05,8,top,Groundout,MJ Melendez,Tommy Kahnle,"MJ Melendez grounds out, second baseman Gleyber Torres to first baseman Oswaldo Cabrera.",6,5,1,
775334,2024-10-05,8,top,Groundout,Tommy Pham,Tommy Kahnle,"Tommy Pham grounds out, third baseman Jazz Chisholm Jr. to first baseman Oswaldo Cabrera.",6,5,2,
775334,2024-10-05,8,top,Walk,Garrett Hampson,Tommy Kahnle,Garrett Hampson walks.,6,5,2,
775334,2024-10-05,8,top,Strikeout,Maikel Garcia,Luke Weaver,Maikel Garcia strikes out swinging.,6,5,3,
775334,2024-10-05,8,bottom,Strikeout,Juan Soto,Lucas Erceg,Juan Soto called out on strikes.,6,5,1,
775334,2024-10-05,8,bottom,Strikeout,Aaron Judge,Lucas Erceg,Aaron Judge strikes out swinging.,6,5,2,
775334,2024-10-05,8,bottom,Walk,Austin Wells,Lucas Erceg,Austin Wells walks.,6,5,2,
775334,2024-10-05,8,bottom,Strikeout,Giancarlo Stanton,Lucas Erceg,Giancarlo Stanton strikes out swinging.,6,5,3,
775334,2024-10-05,9,top,Strikeout,Michael Massey,Luke Weaver,Michael Massey strikes out swinging.,6,5,1,
775334,2024-10-05,9,top,Strikeout,Bobby Witt Jr.,Luke Weaver,Bobby Witt Jr. called out on strikes.,6,5,2,
775334,2024-10-05,9,top,Groundout,Vinnie Pasquantino,Luke Weaver,Vinnie Pasquantino grounds out to first baseman Oswaldo Cabrera.,6,5,3,
775336,2024-10-02,1,top,Double,Michael Harris II,Joe Musgrove,Michael Harris II doubles (1) on a sharp line drive to right fielder Fernando Tatis Jr.,0,0,0,
775336,2024-10-02,1,top,Groundout,Ozzie Albies,Joe Musgrove,Ozzie Albies grounds out to first baseman Donovan Solano. Michael Harris II to 3rd.,0,0,1,
775336,2024-10-02,1,top,Sac Fly,Marcell Ozuna,Joe Musgrove,Marcell Ozuna out on a sacrifice fly to left fielder Jurickson Profar. Michael Harris II scores.,0,1,2,
775336,2024-10-02,1,top,Groundout,Matt Olson,Joe Musgrove,"Matt Olson grounds out, second baseman Jake Cronenworth to pitcher Joe Musgrove.",0,1,3,
775336,2024-10-02,1,bottom,Single,Luis Arraez,Max Fried,Luis Arraez singles on a ground ball to second baseman Ozzie Albies.,0,1,0,
775336,2024-10-02,1,bottom,Single,Fernando Tatis Jr.,Max Fried,"Fernando Tatis Jr. singles on a line drive to first baseman Matt Olson, deflected by pitcher Max Fried. Luis Arraez to 2nd.",0,1,0,
775336,2024-10-02,1,bottom,Fielders Choice,Jurickson Profar,Max Fried,"Jurickson Profar reaches on a fielder's choice, fielded by pitcher Max Fried. Luis Arraez to 3rd. Fernando Tatis Jr. to 2nd.",0,1,0,
775336,2024-10-02,1,bottom,Strikeout,Manny Machado,Max Fried,Manny Machado strikes out swinging.,0,1,1,
775336,2024-10-02,1,bottom,Forceout,Jackson Merrill,Max Fried,"Jackson Merrill grounds into a force out, first baseman Matt Olson to catcher Sean Murphy. Luis Arraez out at home. Fernando Tatis Jr. to 3rd. Jurickson Profar to 2nd. Jackson Merrill to 1st.",0,1,2,
775336,2024-10-02,1,bottom,Forceout,Xander Bogaerts,Max Fried,"Xander Bogaerts grounds into a force out, shortstop Orlando Arcia to second baseman Ozzie Albies. Jackson Merrill out at 2nd.",0,1,3,
775336,2024-10-02,2,top,Groundout,Jorge Soler,Joe Musgrove,"Jorge Soler grounds out, third baseman Manny Machado to first baseman Donovan Solano.",0,1,1,
775336,2024-10-02,2,top,Strikeout,Ramón Laureano,Joe Musgrove,Ramón Laureano strikes out swinging.,0,1,2,
775336,2024-10-02,2,top,Groundout,Gio Urshela,Joe Musgrove,"Gio Urshela grounds out, third baseman Manny Machado to first baseman Donovan Solano.",0,1,3,
775336,2024-10-02,2,bottom,Groundout,Donovan Solano,Max Fried,"Donovan Solano grounds out sharply, third baseman Gio Urshela to first baseman Matt Olson.",0,1,1,
775336,2024-10-02,2,bottom,Strikeout,Jake Cronenworth,Max Fried,Jake Cronenworth strikes out swinging.,0,1,2,
775336,2024-10-02,2,bottom,Home Run,Kyle Higashioka,Max Fried,Kyle Higashioka homers (2) on a fly ball to left center field.,1,1,2,
775336,2024-10-02,2,bottom,Single,Luis Arraez,Max Fried,Luis Arraez singles on a line drive to center fielder Michael Harris II.,1,1,2,
775336,2024-10-02,2,bottom,Single,Fernando Tatis Jr.,Max Fried,Fernando Tatis Jr. singles on a ground ball to third baseman Gio Urshela. Luis Arraez to 2nd.,1,1,2,
775336,2024-10-02,2,bottom,Single,Jurickson Profar,Max Fried,Jurickson Profar singles on a ground ball to second baseman Ozzie Albies. Luis Arraez to 3rd. Fernando Tatis Jr. to 2nd.,1,1,2,
775336,2024-10-02,2,bottom,Double,Manny Machado,Max Fried,Manny Machado doubles (1) on a line drive to left fielder Ramón Laureano. Luis Arraez scores. Fernando Tatis Jr. scores. Jurickson Profar to 3rd.,3,1,2,
775336,2024-10-02,2,bottom,Triple,Jackson Merrill,Max Fried,Jackson Merrill triples (1) on a line drive to center fielder Michael Harris II. Jurickson Profar scores. Manny Machado scores.,5,1,2,
775336,2024-10-02,2,bottom,Lineout,Xander Bogaerts,Max Fried,Xander Bogaerts lines out to right fielder Jorge Soler.,5,1,3,
775336,2024-10-02,3,top,Strikeout,Sean Murphy,Joe Musgrove,Sean Murphy strikes out swinging.,5,1,1,
775336,2024-10-02,3,top,Strikeout,Orlando Arcia,Joe Musgrove,Orlando Arcia strikes out swinging.,5,1,2,
775336,2024-10-02,3,top,Pop Out,Michael Harris II,Joe Musgrove,Michael Harris II pops out to catcher Kyle Higashioka in foul territory.,5,1,3,
775336,2024-10-02,3,bottom,Pop Out,Donovan Solano,Dylan Lee,Donovan Solano pops out to third baseman Gio Urshela.,5,1,1,
775336,2024-10-02,3,bottom,Bunt Groundout,Jake Cronenworth,Dylan Lee,"Jake Cronenworth bunt grounds out softly, pitcher Dylan Lee to first baseman Matt Olson.",5,1,2,
775336,2024-10-02,3,bottom,Groundout,Kyle Higashioka,Dylan Lee,"Kyle Higashioka grounds out, second baseman Ozzie Albies to first baseman Matt Olson.",5,1,3,
775336,2024-10-02,4,top,Strikeout,Ozzie Albies,Joe Musgrove,Ozzie Albies strikes out swinging.,5,1,1,
775336,2024-10-02,4,top,Groundout,Marcell Ozuna,Joe Musgrove,"Marcell Ozuna grounds out, third baseman Manny Machado to first baseman Donovan Solano.",5,1,2,
775336,2024-10-02,4,top,Pop Out,Matt Olson,Bryan Hoeing,Matt Olson pops out to shortstop Xander Bogaerts.,5,1,3,
775336,2024-10-02,4,bottom,Groundout,Luis Arraez,Dylan Lee,Luis Arraez grounds out to first baseman Matt Olson.,5,1,1,
775336,2024-10-02,4,bottom,Single,Fernando Tatis Jr.,Dylan Lee,Fernando Tatis Jr. singles on a sharp line drive to center fielder Michael Harris II.,5,1,1,
775336,2024-10-02,4,bottom,Pop Out,Jurickson Profar,Dylan Lee,Jurickson Profar pops out to first baseman Matt Olson.,5,1,2,
775336,2024-10-02,4,bottom,Strikeout,Manny Machado,Daysbel Hernández,Manny Machado strikes out swinging.,5,1,3,
775336,2024-10-02,5,top,Home Run,Jorge Soler,Bryan Hoeing,Jorge Soler homers (1) on a fly ball to center field.,5,2,0,
775336,2024-10-02,5,top,Flyout,Ramón Laureano,Bryan Hoeing,Ramón Laureano flies out sharply to center fielder Jackson Merrill.,5,2,1,
775336,2024-10-02,5,top,Strikeout,Gio Urshela,Bryan Hoeing,Gio Urshela strikes out swinging.,5,2,2,
775336,2024-10-02,5,top,Groundout,Sean Murphy,Bryan Hoeing,Sean Murphy grounds out to first baseman Donovan Solano.,5,2,3,
775336,2024-10-02,5,bottom,Double,Jackson Merrill,Daysbel Hernández,Jackson Merrill hits a ground-rule double (1) on a line drive to right-center field.,5,2,0,
775336,2024-10-02,5,bottom,Groundout,Xander Bogaerts,Daysbel Hernández,"Xander Bogaerts grounds out, third baseman Gio Urshela to first baseman Matt Olson.",5,2,1,
775336,2024-10-02,5,bottom,Strikeout,Donovan Solano,Daysbel Hernández,Donovan Solano called out on strikes.,5,2,2,
775336,2024-10-02,5,bottom,Strikeout,Jake Cronenworth,Daysbel Hernández,Jake Cronenworth strikes out swinging.,5,2,3,
775336,2024-10-02,6,top,Lineout,Orlando Arcia,Jeremiah Estrada,Orlando Arcia lines out sharply to left fielder Jurickson Profar.,5,2,1,
775336,2024-10-02,6,top,Single,Michael Harris II,Jeremiah Estrada,Michael Harris II singles on a line drive to left fielder Jurickson Profar.,5,2,1,
775336,2024-10-02,6,top,Forceout,Ozzie Albies,Jeremiah Estrada,"Ozzie Albies grounds into a force out, third baseman Manny Machado to second baseman Jake Cronenworth. Michael Harris II out at 2nd. Ozzie Albies to 1st.",5,2,2,
775336,2024-10-02,6,top,Single,Marcell Ozuna,Jeremiah Estrada,Marcell Ozuna singles on a sharp line drive to center fielder Jackson Merrill. Ozzie Albies to 3rd.,5,2,2,
775336,2024-10-02,6,top,Lineout,Matt Olson,Tanner Scott,Matt Olson lines out sharply to left fielder Jurickson Profar.,5,2,3,
775336,2024-10-02,6,bottom,Lineout,Kyle Higashioka,Daysbel Hernández,Kyle Higashioka lines out to third baseman Gio Urshela.,5,2,1,
775336,2024-10-02,6,bottom,Groundout,Luis Arraez,Daysbel Hernández,Luis Arraez grounds out to first baseman Matt Olson.,5,2,2,
775336,2024-10-02,6,bottom,Walk,Fernando Tatis Jr.,Daysbel Hernández,Fernando Tatis Jr. walks.,5,2,2,
775336,2024-10-02,6,bottom,Flyout,Jurickson Profar,Daysbel Hernández,Jurickson Profar flies out to center fielder Michael Harris II.,5,2,3,
775336,2024-10-02,7,top,Walk,Jorge Soler,Tanner Scott,Jorge Soler walks.,5,2,0,
775336,2024-10-02,7,top,Strikeout,Ramón Laureano,Tanner Scott,Ramón Laureano strikes out swinging.,5,2,1,
775336,2024-10-02,7,top,Pop Out,Gio Urshela,Tanner Scott,Gio Urshela pops out to second baseman Jake Cronenworth.,5,2,2,
775336,2024-10-02,7,top,Strikeout,Sean Murphy,Tanner Scott,Sean Murphy strikes out swinging.,5,2,3,
775336,2024-10-02,7,bottom,Lineout,Manny Machado,Pierce Johnson,Manny Machado lines out to right fielder Jorge Soler.,5,2,1,
775336,2024-10-02,7,bottom,Lineout,Jackson Merrill,Pierce Johnson,Jackson Merrill lines out sharply to center fielder Michael Harris II.,5,2,2,
775336,2024-10-02,7,bottom,Lineout,Xander Bogaerts,Pierce Johnson,Xander Bogaerts lines out to left fielder Ramón Laureano.,5,2,3,
775336,2024-10-02,8,top,Single,Orlando Arcia,Jason Adam,Orlando Arcia singles on a line drive to left fielder Jurickson Profar.,5,2,0,
775336,2024-10-02,8,top,Home Run,Michael Harris II,Jason Adam,Michael Harris II homers (1) on a fly ball to center field. Orlando Arcia scores.,5,4,0,
775336,2024-10-02,8,top,Flyout,Ozzie Albies,Jason Adam,Ozzie Albies flies out to left fielder Jurickson Profar.,5,4,1,
775336,2024-10-02,8,top,Strikeout,Marcell Ozuna,Jason Adam,Marcell Ozuna strikes out swinging.,5,4,2,
775336,2024-10-02,8,top,Groundout,Matt Olson,Jason Adam,"Matt Olson grounds out, first baseman Donovan Solano to pitcher Jason Adam.",5,4,3,
775336,2024-10-02,8,bottom,Lineout,Donovan Solano,Joe Jiménez,Donovan Solano lines out to shortstop Orlando Arcia.,5,4,1,
775336,2024-10-02,8,bottom,Strikeout,Jake Cronenworth,Joe Jiménez,Jake Cronenworth strikes out swinging.,5,4,2,
775336,2024-10-02,8,bottom,Walk,Kyle Higashioka,Joe Jiménez,Kyle Higashioka walks.,5,4,2,
775336,2024-10-02,8,bottom,Flyout,Luis Arraez,Joe Jiménez,Luis Arraez flies out to center fielder Michael Harris II.,5,4,3,
775336,2024-10-02,9,top,Lineout,Jorge Soler,Robert Suarez,Jorge Soler lines out sharply to center fielder Jackson Merrill.,5,4,1,
775336,2024-10-02,9,top,Groundout,Ramón Laureano,Robert Suarez,"Ramón Laureano grounds out, third baseman Manny Machado to first baseman Donovan Solano.",5,4,2,
775336,2024-10-02,9,top,Pop Out,Travis d'Arnaud,Robert Suarez,Travis d'Arnaud pops out to catcher Kyle Higashioka in foul territory.,5,4,3,
